{
  "1": {
    "page": 0,
    "y_top": 145.7420196533203,
    "y_bottom": 155.65725708007812
  },
  "2": {
    "page": 0,
    "y_top": 225.33201599121094,
    "y_bottom": 235.24725341796875
  },
  "3": {
    "page": 0,
    "y_top": 289.0719909667969,
    "y_bottom": 298.98724365234375
  },
  "4": {
    "page": 0,
    "y_top": 396.8619689941406,
    "y_bottom": 406.7772216796875
  },
  "5": {
    "page": 0,
    "y_top": 463.5820007324219,
    "y_bottom": 473.49725341796875
  },
  "6": {
    "page": 0,
    "y_top": 524.2020263671875,
    "y_bottom": 534.1172485351562
  },
  "7": {
    "page": 1,
    "y_top": 67.86197662353516,
    "y_bottom": 77.7772216796875
  },
  "8": {
    "page": 1,
    "y_top": 150.30201721191406,
    "y_bottom": 160.21725463867188
  },
  "9": {
    "page": 1,
    "y_top": 205.65199279785156,
    "y_bottom": 215.56723022460938
  },
  "10": {
    "page": 1,
    "y_top": 296.2720031738281,
    "y_bottom": 306.187255859375
  },
  "11": {
    "page": 1,
    "y_top": 400.10198974609375,
    "y_bottom": 410.0172424316406
  },
  "12": {
    "page": 1,
    "y_top": 481.34197998046875,
    "y_bottom": 491.2572326660156
  },
  "13": {
    "page": 2,
    "y_top": 59.342018127441406,
    "y_bottom": 69.25726318359375
  },
  "14": {
    "page": 2,
    "y_top": 127.26200103759766,
    "y_bottom": 137.17724609375
  },
  "15": {
    "page": 2,
    "y_top": 265.1719970703125,
    "y_bottom": 275.0872497558594
  },
  "16": {
    "page": 2,
    "y_top": 324.59197998046875,
    "y_bottom": 334.5072326660156
  },
  "17": {
    "page": 3,
    "y_top": 84.3019790649414,
    "y_bottom": 94.21722412109375
  },
  "18": {
    "page": 3,
    "y_top": 199.53199768066406,
    "y_bottom": 209.44723510742188
  },
  "20": {
    "page": 3,
    "y_top": 388.3420104980469,
    "y_bottom": 398.25726318359375
  },
  "21": {
    "page": 3,
    "y_top": 497.781982421875,
    "y_bottom": 507.6972351074219
  },
  "22": {
    "page": 4,
    "y_top": 92.4620132446289,
    "y_bottom": 102.37725830078125
  },
  "23": {
    "page": 4,
    "y_top": 191.1320037841797,
    "y_bottom": 201.0472412109375
  },
  "24": {
    "page": 4,
    "y_top": 281.8719787597656,
    "y_bottom": 291.7872314453125
  },
  "25": {
    "page": 4,
    "y_top": 412.5820007324219,
    "y_bottom": 422.49725341796875
  },
  "26": {
    "page": 4,
    "y_top": 494.5419921875,
    "y_bottom": 504.4572448730469
  },
  "27": {
    "page": 5,
    "y_top": 82.02201080322266,
    "y_bottom": 91.937255859375
  },
  "28": {
    "page": 5,
    "y_top": 181.8920135498047,
    "y_bottom": 191.8072509765625
  },
  "29": {
    "page": 5,
    "y_top": 249.57200622558594,
    "y_bottom": 259.48724365234375
  },
  "30": {
    "page": 5,
    "y_top": 331.1919860839844,
    "y_bottom": 341.10723876953125
  },
  "31": {
    "page": 5,
    "y_top": 429.7419738769531,
    "y_bottom": 439.6572265625
  },
  "32": {
    "page": 5,
    "y_top": 517.60205078125,
    "y_bottom": 527.5172729492188
  },
  "33": {
    "page": 6,
    "y_top": 48.421974182128906,
    "y_bottom": 58.337215423583984
  },
  "34": {
    "page": 6,
    "y_top": 101.7020034790039,
    "y_bottom": 111.61724853515625
  },
  "35": {
    "page": 6,
    "y_top": 181.8920135498047,
    "y_bottom": 191.8072509765625
  },
  "36": {
    "page": 6,
    "y_top": 241.41200256347656,
    "y_bottom": 251.32723999023438
  },
  "37": {
    "page": 6,
    "y_top": 308.2720031738281,
    "y_bottom": 318.187255859375
  },
  "38": {
    "page": 6,
    "y_top": 399.2619934082031,
    "y_bottom": 409.17724609375
  },
  "39": {
    "page": 6,
    "y_top": 494.5419921875,
    "y_bottom": 504.4572448730469
  },
  "40": {
    "page": 7,
    "y_top": 54.541969299316406,
    "y_bottom": 64.45721435546875
  },
  "41": {
    "page": 7,
    "y_top": 125.22199249267578,
    "y_bottom": 135.13723754882812
  },
  "42": {
    "page": 7,
    "y_top": 164.2519989013672,
    "y_bottom": 174.167236328125
  },
  "43": {
    "page": 7,
    "y_top": 226.53199768066406,
    "y_bottom": 236.44723510742188
  },
  "44": {
    "page": 7,
    "y_top": 269.3919982910156,
    "y_bottom": 279.3072509765625
  },
  "45": {
    "page": 8,
    "y_top": 121.02201080322266,
    "y_bottom": 130.937255859375
  },
  "46": {
    "page": 8,
    "y_top": 185.0120086669922,
    "y_bottom": 194.92724609375
  },
  "47": {
    "page": 8,
    "y_top": 286.9119873046875,
    "y_bottom": 296.8272399902344
  },
  "48": {
    "page": 8,
    "y_top": 388.8219909667969,
    "y_bottom": 398.73724365234375
  },
  "49": {
    "page": 8,
    "y_top": 452.7820129394531,
    "y_bottom": 462.697265625
  },
  "50": {
    "page": 8,
    "y_top": 516.6420288085938,
    "y_bottom": 526.5572509765625
  },
  "51": {
    "page": 9,
    "y_top": 61.981971740722656,
    "y_bottom": 71.897216796875
  },
  "52": {
    "page": 9,
    "y_top": 139.3820037841797,
    "y_bottom": 149.2972412109375
  },
  "53": {
    "page": 9,
    "y_top": 224.7320098876953,
    "y_bottom": 234.64724731445312
  },
  "54": {
    "page": 9,
    "y_top": 288.7120056152344,
    "y_bottom": 298.62725830078125
  },
  "55": {
    "page": 9,
    "y_top": 347.3919982910156,
    "y_bottom": 357.3072509765625
  },
  "56": {
    "page": 9,
    "y_top": 406.22198486328125,
    "y_bottom": 416.1372375488281
  },
  "57": {
    "page": 9,
    "y_top": 454.3420104980469,
    "y_bottom": 464.25726318359375
  },
  "58": {
    "page": 9,
    "y_top": 486.2619934082031,
    "y_bottom": 496.17724609375
  },
  "59": {
    "page": 10,
    "y_top": 48.181983947753906,
    "y_bottom": 58.097225189208984
  },
  "60": {
    "page": 10,
    "y_top": 128.46202087402344,
    "y_bottom": 138.37725830078125
  },
  "61": {
    "page": 10,
    "y_top": 203.1320037841797,
    "y_bottom": 213.0472412109375
  },
  "62": {
    "page": 10,
    "y_top": 318.9519958496094,
    "y_bottom": 328.86724853515625
  },
  "63": {
    "page": 10,
    "y_top": 437.6619873046875,
    "y_bottom": 447.5772399902344
  },
  "65": {
    "page": 11,
    "y_top": 270.8320007324219,
    "y_bottom": 280.74725341796875
  },
  "66": {
    "page": 11,
    "y_top": 411.2619934082031,
    "y_bottom": 421.17724609375
  },
  "67": {
    "page": 12,
    "y_top": 110.4620132446289,
    "y_bottom": 120.37725830078125
  },
  "68": {
    "page": 12,
    "y_top": 237.57200622558594,
    "y_bottom": 247.48724365234375
  },
  "69": {
    "page": 12,
    "y_top": 306.7120056152344,
    "y_bottom": 316.62725830078125
  },
  "70": {
    "page": 12,
    "y_top": 365.9919738769531,
    "y_bottom": 375.9072265625
  },
  "71": {
    "page": 12,
    "y_top": 453.1983947753906,
    "y_bottom": 463.17724609375
  },
  "72": {
    "page": 13,
    "y_top": 71.5820083618164,
    "y_bottom": 81.49725341796875
  },
  "73": {
    "page": 13,
    "y_top": 170.9720001220703,
    "y_bottom": 180.88723754882812
  },
  "74": {
    "page": 13,
    "y_top": 255.81199645996094,
    "y_bottom": 265.72723388671875
  },
  "75": {
    "page": 14,
    "y_top": 138.54200744628906,
    "y_bottom": 148.45724487304688
  },
  "76": {
    "page": 14,
    "y_top": 238.17201232910156,
    "y_bottom": 248.08724975585938
  },
  "77": {
    "page": 14,
    "y_top": 328.4884033203125,
    "y_bottom": 338.4672546386719
  },
  "78": {
    "page": 14,
    "y_top": 424.22198486328125,
    "y_bottom": 434.1372375488281
  },
  "79": {
    "page": 15,
    "y_top": 67.50199127197266,
    "y_bottom": 77.417236328125
  },
  "80": {
    "page": 15,
    "y_top": 154.41200256347656,
    "y_bottom": 164.32723999023438
  },
  "81": {
    "page": 15,
    "y_top": 255.81199645996094,
    "y_bottom": 265.72723388671875
  },
  "82": {
    "page": 15,
    "y_top": 360.5920104980469,
    "y_bottom": 370.50726318359375
  },
  "83": {
    "page": 15,
    "y_top": 455.3019714355469,
    "y_bottom": 465.21722412109375
  },
  "84": {
    "page": 15,
    "y_top": 533.4420166015625,
    "y_bottom": 543.3572387695312
  },
  "85": {
    "page": 16,
    "y_top": 53.821998596191406,